,scv_acc_s,scv_acc_u,scv_time,st_acc_s,st_acc_u,st_time
0.3,0.9993816863947901,-0.17357396958970037,0.012083292007446289,0.99401237533732,0.6295504662887138,24.08673644065857
0.4,0.999403971592511,-0.15312607191144523,0.00993037223815918,0.9940317534842583,0.5206476647609652,22.762993097305298
0.5,0.9993772659656788,-0.15306957712155853,0.010014533996582031,0.9943597653822847,0.6635465383566582,20.44140887260437
0.6000000000000001,0.9993816989631689,-0.15344592363450155,0.011513710021972656,0.9946101605710991,0.6293232998696345,11.11122989654541
0.7000000000000002,0.9993630991530059,-0.14781178399680436,0.012299060821533203,0.9946960059653552,0.6594013932294368,12.876552820205688
0.8000000000000003,0.9993508504526669,-0.14066255924311538,0.019220352172851562,0.9946297916811955,0.6600964279055478,25.872986555099487
0.9000000000000001,0.9993462366674071,-0.14343787620401438,0.01576375961303711,0.994580804680546,0.6716366497144365,49.7808723449707
